{
  "configuration": {
    "name": "Wurst+ 2",
    "version": "1.0",
    "user": "yad0x",
    "prefix": "."
  },
  "gui": {
    "WurstplusChat": {
      "name": "Chat",
      "tag": "WurstplusChat",
      "x": 10,
      "y": 10
    },
    "WurstplusMovement": {
      "name": "Movement",
      "tag": "WurstplusMovement",
      "x": 220,
      "y": 10
    },
    "WurstplusRender": {
      "name": "Render",
      "tag": "WurstplusRender",
      "x": 326,
      "y": 10
    },
    "WurstplusExploit": {
      "name": "Exploit",
      "tag": "WurstplusExploit",
      "x": 430,
      "y": 10
    },
    "WurstplusMisc": {
      "name": "Misc",
      "tag": "WurstplusMisc",
      "x": 534,
      "y": 10
    },
    "WurstplusGUI": {
      "name": "GUI",
      "tag": "WurstplusGUI",
      "x": 640,
      "y": 10
    },
    "WurstplusBeta": {
      "name": "Beta",
      "tag": "WurstplusBeta",
      "x": 746,
      "y": 10
    },
    "WurstplusCombat": {
      "name": "Combat",
      "tag": "WurstplusCombat",
      "x": 116,
      "y": 12
    }
  }
}