{
  "frame": {
    "name": "Wurst+2 HUD",
    "tag": "WurstplusHUD",
    "x": 332,
    "y": 38
  },
  "hud": {
    "ArmorPreview": {
      "title": "Armor Preview",
      "tag": "ArmorPreview",
      "state": true,
      "dock": true,
      "x": 252,
      "y": 450
    },
    "ArmorWarner": {
      "title": "Armor Warner",
      "tag": "ArmorWarner",
      "state": false,
      "dock": true,
      "x": 0,
      "y": 0
    },
    "ArrayList": {
      "title": "Array List",
      "tag": "ArrayList",
      "state": true,
      "dock": false,
      "x": 860,
      "y": 388
    },
    "Compass": {
      "title": "Compass",
      "tag": "Compass",
      "state": false,
      "dock": true,
      "x": 0,
      "y": 0
    },
    "Coordinates": {
      "title": "Coordinates",
      "tag": "Coordinates",
      "state": true,
      "dock": true,
      "x": 2,
      "y": 528
    },
    "CrystalCount": {
      "title": "Crystal Count",
      "tag": "CrystalCount",
      "state": false,
      "dock": true,
      "x": 0,
      "y": 0
    },
    "Direction": {
      "title": "Direction",
      "tag": "Direction",
      "state": false,
      "dock": true,
      "x": 0,
      "y": 0
    },
    "EXPCount": {
      "title": "EXP Count",
      "tag": "EXPCount",
      "state": false,
      "dock": true,
      "x": 0,
      "y": 0
    },
    "effecthud": {
      "title": "Effect Hud",
      "tag": "effecthud",
      "state": false,
      "dock": true,
      "x": 0,
      "y": 0
    },
    "EntityList": {
      "title": "Entity List",
      "tag": "EntityList",
      "state": false,
      "dock": true,
      "x": 0,
      "y": 0
    },
    "Fps": {
      "title": "Fps",
      "tag": "Fps",
      "state": true,
      "dock": true,
      "x": 74,
      "y": 2
    },
    "Friends": {
      "title": "Friends",
      "tag": "Friends",
      "state": true,
      "dock": true,
      "x": 14,
      "y": 122
    },
    "GappleCount": {
      "title": "Gapple Count",
      "tag": "GappleCount",
      "state": false,
      "dock": true,
      "x": 0,
      "y": 0
    },
    "InventoryPreview": {
      "title": "Inventory Preview",
      "tag": "InventoryPreview",
      "state": true,
      "dock": true,
      "x": 2,
      "y": 44
    },
    "InventoryXPreview": {
      "title": "Inventory XCarry",
      "tag": "InventoryXPreview",
      "state": false,
      "dock": true,
      "x": 0,
      "y": 0
    },
    "Logo": {
      "title": "Logo",
      "tag": "Logo",
      "state": false,
      "dock": true,
      "x": 0,
      "y": 0
    },
    "pvphud": {
      "title": "PVP Hud",
      "tag": "pvphud",
      "state": false,
      "dock": true,
      "x": 0,
      "y": 0
    },
    "Ping": {
      "title": "Ping",
      "tag": "Ping",
      "state": false,
      "dock": true,
      "x": 0,
      "y": 0
    },
    "PlayerList": {
      "title": "Player List",
      "tag": "PlayerList",
      "state": false,
      "dock": true,
      "x": 0,
      "y": 0
    },
    "Speedometer": {
      "title": "Speedometer",
      "tag": "Speedometer",
      "state": false,
      "dock": true,
      "x": 0,
      "y": 0
    },
    "SurroundBlocks": {
      "title": "Surround Blocks",
      "tag": "SurroundBlocks",
      "state": false,
      "dock": true,
      "x": 0,
      "y": 0
    },
    "TPS": {
      "title": "TPS",
      "tag": "TPS",
      "state": false,
      "dock": true,
      "x": 0,
      "y": 0
    },
    "Time": {
      "title": "Time",
      "tag": "Time",
      "state": false,
      "dock": true,
      "x": 0,
      "y": 0
    },
    "TotemCount": {
      "title": "Totem Count",
      "tag": "TotemCount",
      "state": true,
      "dock": true,
      "x": 2,
      "y": 16
    },
    "User": {
      "title": "User",
      "tag": "User",
      "state": true,
      "dock": true,
      "x": 102,
      "y": 292
    },
    "Watermark": {
      "title": "Watermark",
      "tag": "Watermark",
      "state": true,
      "dock": true,
      "x": 2,
      "y": 2
    }
  }
}